last_name, first_name,pitcher,ff_avg_speed,last_name, first_name,player_id,team_name_alt,pitch_type,pitch_name,run_value_per_100,run_value,pitches,pitch_usage,pa,ba,slg,woba,whiff_percent,k_percent,put_away,est_ba,est_slg,est_woba,hard_hit_percent
Akin, Keegan,669211,92,Akin, Keegan,669211,BAL,FF,4-Seamer,-0.7,-7,1011,57.2,231,0.25,0.451,0.331,20,22.1,14.2,0.253,0.487,0.353,43.9
Alcantara, Sandy,645261,98.1,Alcantara, Sandy,645261,MIA,FF,4-Seamer,0.6,4,668,21.6,170,0.234,0.399,0.309,23.3,25.9,17.1,0.24,0.417,0.305,44.3
Alexander, Tyler,641302,90.5,Alexander, Tyler,641302,DET,FF,4-Seamer,-0.2,0,241,14.7,80,0.253,0.427,0.328,16.5,18.8,16.5,0.249,0.517,0.344,43.3
Allard, Kolby,663465,91.5,Allard, Kolby,663465,TEX,FF,4-Seamer,0.1,1,964,46.9,264,0.229,0.445,0.326,18.7,24.2,21.1,0.254,0.47,0.334,42.5
Alzolay, Adbert,640470,94,Alzolay, Adbert,640470,CHC,FF,4-Seamer,0.9,3,361,18.5,67,0.267,0.65,0.408,26.8,23.9,17.8,0.31,0.602,0.412,55.6
Anderson, Ian,666120,94.6,Anderson, Ian,666120,ATL,FF,4-Seamer,-1.3,-13,1025,47.1,246,0.216,0.349,0.287,21.1,21.1,19,0.242,0.409,0.319,40.6
Anderson, Tyler,542881,90.6,Anderson, Tyler,542881,SEA,FF,4-Seamer,-0.1,-1,970,37.3,242,0.254,0.455,0.337,21.7,22.3,16.8,0.265,0.481,0.357,36.4
Bard, Daniel,453268,97.5,Bard, Daniel,453268,COL,FF,4-Seamer,0.5,2,412,33.9,101,0.341,0.524,0.434,23.8,21.8,17.2,0.261,0.423,0.368,45
Barlow, Scott,605130,95.3,Barlow, Scott,605130,KC,FF,4-Seamer,-0.1,-1,405,33.1,103,0.275,0.396,0.338,16.8,11.7,15.8,0.284,0.483,0.37,49.4
Bassitt, Chris,605135,93.2,Bassitt, Chris,605135,OAK,FF,4-Seamer,-1,-4,456,19.2,146,0.194,0.291,0.235,26.7,37,20,0.177,0.268,0.224,32.5
Bauer, Trevor,545333,93.9,Bauer, Trevor,545333,LAD,FF,4-Seamer,-2,-14,719,40.2,177,0.175,0.364,0.298,25.1,27.7,24.1,0.223,0.486,0.348,54.3
Berríos, José,621244,94.1,Berríos, José,621244,TOR,FF,4-Seamer,0.7,5,811,26.7,176,0.275,0.537,0.38,21.3,19.9,16.7,0.282,0.551,0.382,44
Bieber, Shane,669456,92.7,Bieber, Shane,669456,CLE,FF,4-Seamer,-0.1,-1,551,35.3,140,0.272,0.48,0.36,22.8,33.6,29.4,0.232,0.422,0.321,56.4
Boyd, Matthew,571510,92,Boyd, Matthew,571510,DET,FF,4-Seamer,-0.4,-2,535,42,147,0.276,0.433,0.347,18,14.3,13.6,0.245,0.451,0.336,42.2
Brubaker, JT,664141,92.9,Brubaker, JT,664141,PIT,FF,4-Seamer,0.1,0,476,24.5,94,0.241,0.506,0.357,18.1,11.7,10.9,0.261,0.495,0.35,38.7
Bubic, Kris,663460,90.9,Bubic, Kris,663460,KC,FF,4-Seamer,-0.6,-7,1144,52,262,0.217,0.355,0.318,20.8,20.6,19.1,0.244,0.412,0.347,39.8
Buehler, Walker,621111,95.3,Buehler, Walker,621111,LAD,FF,4-Seamer,-1.3,-19,1403,44.5,336,0.202,0.366,0.295,20.3,23.8,19.3,0.241,0.424,0.331,45.8
Bumgarner, Madison,518516,90.4,Bumgarner, Madison,518516,ARI,FF,4-Seamer,-0.2,-1,749,32.7,183,0.198,0.395,0.303,17.7,20.2,17.7,0.249,0.477,0.347,40.2
Bundy, Dylan,605164,90.7,Bundy, Dylan,605164,LAA,FF,4-Seamer,0.7,4,522,34.3,136,0.237,0.474,0.368,19.3,19.1,19.7,0.227,0.448,0.348,38.2
Burnes, Corbin,669203,96.4,Burnes, Corbin,669203,MIL,FF,4-Seamer,7.1,3,40,1.5,13,0.462,0.692,0.496,20,15.4,11.8,0.267,0.397,0.288,54.5
Cabrera, Génesis,650893,97.6,Cabrera, Génesis,650893,STL,FF,4-Seamer,-0.4,-2,534,44.7,137,0.165,0.275,0.288,26.6,32.8,24.6,0.189,0.334,0.314,43.9
Castillo, Luis,622491,97.1,Castillo, Luis,622491,CIN,FF,4-Seamer,0.4,4,902,28.5,160,0.257,0.478,0.364,30.5,31.3,20.9,0.205,0.36,0.295,34.1
Cease, Dylan,656302,96.7,Cease, Dylan,656302,CWS,FF,4-Seamer,-0.1,-1,1383,46.8,352,0.264,0.449,0.366,23,19.3,18,0.276,0.503,0.385,46.8
Cishek, Steve,518553,89.7,Cishek, Steve,518553,LAA,FF,4-Seamer,-3,-7,245,19.5,67,0.089,0.143,0.188,37.2,43.3,21.5,0.158,0.27,0.253,37.9
Civale, Aaron,650644,91.4,Civale, Aaron,650644,CLE,FF,4-Seamer,1.4,6,429,22.5,98,0.278,0.6,0.394,15.3,14.3,10.8,0.319,0.621,0.42,48.7
Cobb, Alex,502171,93.2,Cobb, Alex,502171,LAA,FF,4-Seamer,-1,-1,71,4.5,10,0,0,0.23,10,30,15,0.125,0.205,0.252,40
Cole, Gerrit,543037,97.7,Cole, Gerrit,543037,NYY,FF,4-Seamer,-1.2,-17,1399,47.1,312,0.225,0.398,0.292,27.6,34,24.1,0.223,0.421,0.295,49.5
Corbin, Patrick,571578,92.3,Corbin, Patrick,571578,WSH,FF,4-Seamer,1.4,11,777,28.3,206,0.333,0.533,0.404,11.8,10.2,12.6,0.334,0.544,0.408,37.4
Cortes, Nestor,641482,90.7,Cortes, Nestor,641482,NYY,FF,4-Seamer,-1.8,-12,648,42.5,161,0.196,0.365,0.289,23.2,34.2,25.6,0.19,0.355,0.266,42.6
Crismatt, Nabil,622503,90.1,Crismatt, Nabil,622503,SD,FF,4-Seamer,0.5,1,181,13.5,42,0.306,0.611,0.431,13.4,14.3,13.3,0.331,0.677,0.464,50
Crowe, Wil,640444,93.7,Crowe, Wil,640444,PIT,FF,4-Seamer,2.1,16,758,34.9,153,0.328,0.597,0.464,20.4,20.9,15.8,0.236,0.476,0.383,40.4
Cueto, Johnny,456501,91.8,Cueto, Johnny,456501,SF,FF,4-Seamer,-1.4,-10,674,35.9,161,0.221,0.345,0.284,28.2,32.3,18.1,0.215,0.39,0.297,43.6
Darvish, Yu,506433,94.5,Darvish, Yu,506433,SD,FF,4-Seamer,0,0,611,22.1,127,0.153,0.407,0.27,34.5,43.3,26.2,0.149,0.352,0.242,42.9
deGrom, Jacob,594798,99.2,deGrom, Jacob,594798,NYM,FF,4-Seamer,-2,-14,704,57.4,175,0.158,0.303,0.224,30,35.4,38,0.17,0.312,0.232,40.4
DeSclafani, Anthony,543101,94.1,DeSclafani, Anthony,543101,SF,FF,4-Seamer,-0.6,-4,692,27.1,149,0.25,0.432,0.327,22.7,15.4,13.1,0.245,0.461,0.333,42.5
Eflin, Zach,621107,93.1,Eflin, Zach,621107,PHI,FF,4-Seamer,-0.4,-1,200,12.4,43,0.263,0.421,0.341,31.5,25.6,17.7,0.221,0.325,0.289,37
Eovaldi, Nathan,543135,96.8,Eovaldi, Nathan,543135,BOS,FF,4-Seamer,-0.2,-2,1237,42.3,282,0.312,0.468,0.36,19.4,22,18.7,0.265,0.401,0.314,38.9
Espino, Paolo,502179,89,Espino, Paolo,502179,WSH,FF,4-Seamer,0.4,4,958,55.2,243,0.289,0.524,0.369,11.8,14.4,14.2,0.289,0.539,0.364,49.7
Flaherty, Jack,656427,93.6,Flaherty, Jack,656427,STL,FF,4-Seamer,-0.8,-6,684,50.6,166,0.193,0.379,0.307,17.1,22.9,17.3,0.26,0.485,0.357,44.5
Flexen, Chris,623167,92.7,Flexen, Chris,623167,SEA,FF,4-Seamer,-0.7,-8,1124,40,257,0.273,0.459,0.344,18,23,17.4,0.244,0.463,0.333,43.1
Foltynewicz, Mike,592314,93.8,Foltynewicz, Mike,592314,TEX,FF,4-Seamer,0.5,3,656,29.3,163,0.287,0.62,0.396,11.2,9.2,8.6,0.321,0.649,0.427,52.6
Freeland, Kyle,607536,91.4,Freeland, Kyle,607536,COL,FF,4-Seamer,-1.1,-5,471,25,114,0.286,0.429,0.333,13.6,7,10.4,0.265,0.428,0.32,30.3
Fried, Max,608331,94,Fried, Max,608331,ATL,FF,4-Seamer,-1.1,-11,998,39,294,0.264,0.4,0.322,16.4,14.3,15.8,0.273,0.395,0.321,38.2
Fulmer, Michael,605242,95.5,Fulmer, Michael,605242,DET,FF,4-Seamer,-1,-2,205,17.3,40,0.2,0.457,0.326,30.3,27.5,16.9,0.265,0.559,0.388,41.7
Funkhouser, Kyle,608335,95.8,Funkhouser, Kyle,608335,DET,FF,4-Seamer,-2,-5,259,21.8,76,0.149,0.194,0.206,26.5,36.8,20.9,0.17,0.263,0.236,42.5
Gallegos, Giovanny,606149,94.4,Gallegos, Giovanny,606149,STL,FF,4-Seamer,-1.7,-11,653,52.8,168,0.201,0.315,0.264,25.2,28.6,22.2,0.223,0.363,0.291,46.2
Gallen, Zac,668678,93.4,Gallen, Zac,668678,ARI,FF,4-Seamer,-1,-11,1127,53.6,271,0.218,0.368,0.316,15.4,25.5,21.6,0.234,0.388,0.316,47.4
Gant, John,607231,92,Gant, John,607231,MIN,FF,4-Seamer,1.7,4,240,12.2,56,0.271,0.458,0.318,22,32.1,16.8,0.179,0.275,0.252,28.1
Garcia, Luis,677651,93.3,Garcia, Luis,677651,HOU,FF,4-Seamer,-0.2,-3,1118,44.7,299,0.301,0.488,0.384,19.1,16.4,17.2,0.298,0.507,0.389,50.2
Gausman, Kevin,592332,94.6,Gausman, Kevin,592332,SF,FF,4-Seamer,-0.6,-10,1583,52.7,421,0.257,0.416,0.335,19.5,19.2,19.5,0.278,0.485,0.352,44.8
Germán, Domingo,593334,93.4,Germán, Domingo,593334,NYY,FF,4-Seamer,1.7,8,454,28.8,110,0.29,0.65,0.429,22.4,18.2,16,0.282,0.605,0.4,55
Gibson, Kyle,502043,92.8,Gibson, Kyle,502043,PHI,FF,4-Seamer,0.4,1,366,12.7,89,0.292,0.375,0.362,10.5,10.1,11.4,0.282,0.429,0.376,26.6
Gilbert, Logan,669302,95.3,Gilbert, Logan,669302,SEA,FF,4-Seamer,-1.5,-19,1307,61.5,324,0.254,0.401,0.311,21.6,21.9,17.7,0.258,0.438,0.323,50.6
Giolito, Lucas,608337,93.8,Giolito, Lucas,608337,CWS,FF,4-Seamer,0,0,1303,43.9,270,0.251,0.427,0.339,25.6,22.2,17.2,0.255,0.45,0.342,42.8
Glasnow, Tyler,607192,97,Glasnow, Tyler,607192,TB,FF,4-Seamer,-1.5,-10,691,51.6,181,0.197,0.338,0.293,27.8,26,25.1,0.215,0.365,0.306,50
Gomber, Austin,596295,91.6,Gomber, Austin,596295,COL,FF,4-Seamer,0.5,4,753,40.7,190,0.299,0.567,0.419,13.9,11.6,15.7,0.312,0.572,0.41,40
Gonzales, Marco,594835,88.1,Gonzales, Marco,594835,SEA,FF,4-Seamer,-1.6,-2,116,5,24,0.158,0.316,0.287,15.2,8.3,8.7,0.355,0.644,0.471,44.4
González, Chi Chi,592346,91.9,González, Chi Chi,592346,COL,FF,4-Seamer,1.5,12,758,46.4,199,0.328,0.531,0.401,14.6,13.1,13.2,0.314,0.54,0.393,44.8
Gray, Jon,592351,94.9,Gray, Jon,592351,COL,FF,4-Seamer,1.3,15,1208,47.6,309,0.331,0.518,0.404,17.1,15.9,16.1,0.292,0.461,0.363,44.2
Gray, Josiah,680686,94.6,Gray, Josiah,680686,WSH,FF,4-Seamer,1.2,8,626,51.6,172,0.282,0.62,0.423,17.8,14.5,15.2,0.27,0.606,0.409,41.5
Gray, Sonny,543243,92.3,Gray, Sonny,543243,CIN,FF,4-Seamer,0,0,530,23.8,132,0.281,0.465,0.38,17,9.1,16.4,0.284,0.4,0.345,30.8
Green, Chad,643338,95.7,Green, Chad,643338,NYY,FF,4-Seamer,-1.3,-11,855,65.2,199,0.184,0.362,0.269,29.9,32.2,21.8,0.218,0.416,0.29,47.6
Greinke, Zack,425844,88.9,Greinke, Zack,425844,HOU,FF,4-Seamer,-0.4,-4,1027,39.9,255,0.267,0.492,0.345,11.9,17.3,19.8,0.291,0.505,0.355,47.2
Guerra, Junior,448855,92.2,Guerra, Junior,448855,LAA,FF,4-Seamer,2.5,5,215,17.6,48,0.316,0.526,0.454,24.2,16.7,17.8,0.232,0.412,0.348,38.7
Gutierrez, Vladimir,661269,93.2,Gutierrez, Vladimir,661269,CIN,FF,4-Seamer,1.1,10,865,47.2,226,0.315,0.569,0.417,14.1,13.3,14.4,0.287,0.512,0.375,50.6
Happ, J.A.,457918,91,Happ, J.A.,457918,STL,FF,4-Seamer,0.1,1,1442,53.9,336,0.266,0.532,0.382,20.3,22.9,17.7,0.256,0.508,0.367,46.5
Harvey, Matt,518774,93.4,Harvey, Matt,518774,BAL,FF,4-Seamer,2,15,760,34.1,202,0.319,0.568,0.408,15.3,18.3,14.7,0.325,0.612,0.417,50.7
Heaney, Andrew,571760,92,Heaney, Andrew,571760,NYY,FF,4-Seamer,0,0,1338,57.4,287,0.271,0.537,0.371,27.8,27.5,18.9,0.236,0.451,0.329,45
Hearn, Taylor,621368,95.1,Hearn, Taylor,621368,TEX,FF,4-Seamer,-0.8,-6,798,46.2,187,0.241,0.422,0.336,22.9,26.2,20.2,0.268,0.447,0.348,41.9
Hendricks, Kyle,543294,87.3,Hendricks, Kyle,543294,CHC,FF,4-Seamer,0.8,4,500,17.8,93,0.312,0.649,0.444,29.9,24.7,23.2,0.28,0.58,0.411,55.4
Hentges, Sam,656529,94.6,Hentges, Sam,656529,CLE,FF,4-Seamer,2.6,14,523,41.5,142,0.403,0.637,0.481,10.9,5.6,7.7,0.347,0.668,0.458,47
Hernández, Carlos,672578,97.2,Hernández, Carlos,672578,KC,FF,4-Seamer,-1.1,-9,800,55.8,198,0.216,0.364,0.327,22.2,18.7,18.6,0.239,0.4,0.35,46
Hill, Rich,448179,88.1,Hill, Rich,448179,NYM,FF,4-Seamer,0.2,3,1176,47.1,278,0.266,0.512,0.36,22,25.5,25.8,0.254,0.482,0.341,42.1
Hoffman, Jeff,656546,94.3,Hoffman, Jeff,656546,CIN,FF,4-Seamer,0.5,4,762,56,208,0.276,0.518,0.411,24.1,19.2,18.6,0.263,0.472,0.376,44.7
Houser, Adrian,605288,94.1,Houser, Adrian,605288,MIL,FF,4-Seamer,-0.5,-1,316,13.4,61,0.208,0.415,0.307,27,32.8,16.4,0.163,0.333,0.258,28.6
Irvin, Cole,608344,90.8,Irvin, Cole,608344,OAK,FF,4-Seamer,-0.6,-7,1087,40.5,280,0.258,0.398,0.323,18.7,20,18.1,0.265,0.439,0.334,42.4
Javier, Cristian,664299,93.5,Javier, Cristian,664299,HOU,FF,4-Seamer,-0.1,-1,1065,59.4,271,0.226,0.421,0.353,26.4,24.4,21.3,0.274,0.53,0.401,51
Jax, Griffin,643377,92.6,Jax, Griffin,643377,MIN,FF,4-Seamer,0.2,1,640,45.9,174,0.268,0.569,0.386,12.8,10.9,11.6,0.274,0.616,0.406,50
Kaprielian, James,621076,93,Kaprielian, James,621076,OAK,FF,4-Seamer,0.2,2,1069,52.8,276,0.25,0.471,0.357,27.8,25.7,20.5,0.232,0.431,0.332,43.5
Keller, Brad,641745,94.2,Keller, Brad,641745,KC,FF,4-Seamer,2.6,18,698,29.7,181,0.327,0.513,0.407,22.2,18.8,17.1,0.304,0.576,0.424,37.8
Keller, Mitch,656605,93.8,Keller, Mitch,656605,PIT,FF,4-Seamer,0.3,3,1054,56.7,253,0.313,0.495,0.39,17.7,19.8,17.6,0.282,0.473,0.368,46.5
Kelly, Merrill,518876,91.7,Kelly, Merrill,518876,ARI,FF,4-Seamer,0.8,6,775,32,191,0.311,0.598,0.411,18.9,17.3,18.6,0.258,0.516,0.361,43.5
Kershaw, Clayton,477132,90.6,Kershaw, Clayton,477132,LAD,FF,4-Seamer,0.7,4,664,36.8,154,0.295,0.446,0.356,16.8,8.4,14.3,0.304,0.476,0.363,35.7
Keuchel, Dallas,572971,89,Keuchel, Dallas,572971,CWS,FF,4-Seamer,0.1,0,59,2.2,16,0.25,0.688,0.384,3.1,0,0,0.314,0.734,0.43,56.3
Kikuchi, Yusei,579328,95.1,Kikuchi, Yusei,579328,SEA,FF,4-Seamer,-0.1,-1,914,35.7,168,0.209,0.419,0.321,30.6,33.3,21.4,0.257,0.497,0.362,51.1
Kim, Kwang Hyun,547942,89.1,Kim, Kwang Hyun,547942,STL,FF,4-Seamer,-0.4,-3,731,41,176,0.295,0.442,0.371,10.1,6.8,7.6,0.299,0.476,0.369,41.5
Kinley, Tyler,641755,95.9,Kinley, Tyler,641755,COL,FF,4-Seamer,0.9,4,492,43,135,0.259,0.534,0.382,14.3,11.1,16.9,0.289,0.485,0.377,45.1
Kluber, Corey,446372,89.9,Kluber, Corey,446372,NYY,FF,4-Seamer,-0.4,0,61,4.6,13,0.2,0.2,0.267,12,23.1,10,0.215,0.387,0.326,62.5
Kuhl, Chad,641771,94.2,Kuhl, Chad,641771,PIT,FF,4-Seamer,1.8,7,365,25.4,73,0.317,0.533,0.448,14.6,12.3,12.7,0.268,0.472,0.381,41.2
Lauer, Eric,641778,92.6,Lauer, Eric,641778,MIL,FF,4-Seamer,0.4,3,858,43.9,198,0.25,0.407,0.339,26.5,29.3,18.3,0.217,0.387,0.305,36.4
Lester, Jon,452657,88.7,Lester, Jon,452657,STL,FF,4-Seamer,1.3,10,740,31.1,176,0.338,0.556,0.421,16.3,14.2,13.8,0.311,0.523,0.392,42.4
López, Jorge,605347,95.3,López, Jorge,605347,BAL,FF,4-Seamer,0.6,3,456,21.1,113,0.287,0.596,0.417,22.4,23,20,0.254,0.485,0.368,47.1
López, Pablo,641154,94.1,López, Pablo,641154,MIA,FF,4-Seamer,-1.6,-9,530,31.8,120,0.219,0.447,0.3,22.6,33.3,19.1,0.219,0.422,0.287,38.7
Luzardo, Jesús,666200,95.9,Luzardo, Jesús,666200,MIA,FF,4-Seamer,2.8,12,432,25,106,0.348,0.674,0.467,19.9,17,14.1,0.313,0.606,0.423,48.7
Lyles, Jordan,543475,93,Lyles, Jordan,543475,TEX,FF,4-Seamer,1,12,1170,39.5,283,0.298,0.603,0.416,20.1,17,15.6,0.273,0.548,0.389,45.2
Lynch, Daniel,663738,93.8,Lynch, Daniel,663738,KC,FF,4-Seamer,1.1,6,509,40.5,135,0.385,0.581,0.434,12.2,8.9,9.1,0.367,0.617,0.455,46.8
Lynn, Lance,458681,94,Lynn, Lance,458681,CWS,FF,4-Seamer,-1.5,-16,1051,40.3,238,0.187,0.297,0.255,32.5,35.7,23.5,0.173,0.297,0.24,45.9
Maeda, Kenta,628317,90.6,Maeda, Kenta,628317,MIN,FF,4-Seamer,0.2,1,460,25.9,103,0.297,0.549,0.396,23.2,27.2,23.3,0.27,0.539,0.377,48.4
Mahle, Tyler,641816,94,Mahle, Tyler,641816,CIN,FF,4-Seamer,-0.6,-11,1693,53,387,0.236,0.435,0.337,27,34.6,21.5,0.215,0.365,0.308,41.2
Manning, Matt,666159,93.5,Manning, Matt,666159,DET,FF,4-Seamer,0.4,2,587,41.3,148,0.264,0.403,0.331,16.8,17.6,15.7,0.255,0.413,0.334,39
Manoah, Alek,666201,93.7,Manoah, Alek,666201,TOR,FF,4-Seamer,-0.8,-6,669,36.3,150,0.2,0.331,0.29,32.5,32,21.6,0.174,0.326,0.275,34.1
Márquez, Germán,608566,94.8,Márquez, Germán,608566,COL,FF,4-Seamer,0.1,1,1269,45.5,331,0.275,0.44,0.369,14,7.6,12,0.322,0.514,0.404,46.4
Martínez, Carlos,593372,93.4,Martínez, Carlos,593372,STL,FF,4-Seamer,0.5,2,352,27.5,96,0.269,0.474,0.391,11.1,9.4,9.3,0.304,0.549,0.426,48.6
Maton, Phil,664208,91.5,Maton, Phil,664208,HOU,FF,4-Seamer,0.1,0,577,49.1,130,0.206,0.412,0.338,37.8,33.1,24,0.197,0.355,0.323,30.6
Mayers, Mike,594577,94.5,Mayers, Mike,594577,LAA,FF,4-Seamer,0.6,3,468,37.9,129,0.227,0.471,0.324,30.1,36.4,27.8,0.188,0.395,0.28,41.7
McClanahan, Shane,663556,96.4,McClanahan, Shane,663556,TB,FF,4-Seamer,-0.4,-3,799,40.9,204,0.308,0.5,0.39,19.3,15.7,19.5,0.322,0.573,0.411,55
McKenzie, Triston,663474,92.1,McKenzie, Triston,663474,CLE,FF,4-Seamer,0.5,6,1216,61.6,322,0.227,0.465,0.359,19.2,19.9,18.9,0.259,0.472,0.365,44.3
Means, John,607644,92.8,Means, John,607644,BAL,FF,4-Seamer,0.1,2,1116,47.9,238,0.233,0.507,0.346,21.1,20.6,14.6,0.265,0.564,0.372,51.2
Megill, Tylor,656731,94.6,Megill, Tylor,656731,NYM,FF,4-Seamer,-0.2,-2,895,57.6,198,0.261,0.494,0.357,21.5,26.8,19.3,0.231,0.44,0.329,47.2
Miley, Wade,489119,89.9,Miley, Wade,489119,CIN,FF,4-Seamer,-1,-4,422,16.3,150,0.246,0.333,0.289,17.6,26,17.1,0.235,0.391,0.301,39.4
Mills, Alec,621219,88.7,Mills, Alec,621219,CHC,FF,4-Seamer,1.6,5,333,17.2,89,0.321,0.654,0.44,10.9,9,10,0.313,0.592,0.414,44.4
Minor, Mike,501985,90.9,Minor, Mike,501985,KC,FF,4-Seamer,-0.3,-4,1123,42.8,278,0.246,0.472,0.342,18.9,22.3,20.5,0.224,0.447,0.316,36.3
Mize, Casey,663554,93.9,Mize, Casey,663554,DET,FF,4-Seamer,-0.4,-3,690,29.3,155,0.226,0.474,0.339,25,29.7,17.9,0.228,0.485,0.341,48.9
Montas, Frankie,593423,96.4,Montas, Frankie,593423,OAK,FF,4-Seamer,-0.4,-3,879,29,230,0.214,0.405,0.309,24.6,27.8,20,0.245,0.469,0.332,50.3
Montgomery, Jordan,656756,92.6,Montgomery, Jordan,656756,NYY,FF,4-Seamer,-0.3,-1,417,16.2,84,0.247,0.455,0.331,19,25,13.1,0.253,0.461,0.335,50
Moore, Matt,519043,92.4,Moore, Matt,519043,PHI,FF,4-Seamer,0.5,4,710,56.6,195,0.305,0.537,0.403,17.9,15.9,17,0.275,0.473,0.363,41.8
Morgan, Eli,669212,90.5,Morgan, Eli,669212,CLE,FF,4-Seamer,0.1,1,688,48.7,170,0.283,0.52,0.375,18.6,18.8,17.7,0.251,0.455,0.333,44.7
Morton, Charlie,450203,95.5,Morton, Charlie,450203,ATL,FF,4-Seamer,-0.3,-3,1075,36,248,0.23,0.355,0.3,23.2,27,19.3,0.233,0.392,0.31,40.4
Musgrove, Joe,605397,93.3,Musgrove, Joe,605397,SD,FF,4-Seamer,0.3,2,597,20.3,137,0.319,0.571,0.419,20.8,21.2,19.2,0.268,0.495,0.369,46.2
Neris, Héctor,593576,94.1,Neris, Héctor,593576,PHI,FF,4-Seamer,1.2,6,458,36.8,107,0.239,0.511,0.376,32.3,35.5,24.7,0.194,0.422,0.318,53.7
Nola, Aaron,605400,92.9,Nola, Aaron,605400,PHI,FF,4-Seamer,-0.4,-4,1115,37.5,225,0.265,0.471,0.352,22.4,23.6,19.8,0.257,0.522,0.36,45.4
Ober, Bailey,641927,92.3,Ober, Bailey,641927,MIN,FF,4-Seamer,-1,-9,856,58,208,0.251,0.466,0.326,24.8,28.4,18.6,0.235,0.444,0.322,48.9
Odorizzi, Jake,543606,92.2,Odorizzi, Jake,543606,HOU,FF,4-Seamer,-0.6,-6,1020,55.2,221,0.236,0.4,0.317,23.2,24,16.3,0.227,0.414,0.316,40.7
Ohtani, Shohei,660271,95.6,Ohtani, Shohei,660271,LAA,FF,4-Seamer,-0.1,-1,894,44.1,194,0.289,0.509,0.398,20.8,18,22.4,0.28,0.459,0.382,50.8
Paddack, Chris,663978,94.8,Paddack, Chris,663978,SD,FF,4-Seamer,0.7,8,1149,61.5,246,0.314,0.531,0.383,21.1,18.7,13.9,0.303,0.514,0.364,46.5
Patiño, Luis,672715,95.7,Patiño, Luis,672715,TB,FF,4-Seamer,-0.6,-5,826,60.5,204,0.228,0.37,0.309,23.1,18.1,15.3,0.259,0.47,0.338,44.7
Peralta, Wily,503449,93.6,Peralta, Wily,503449,DET,FF,4-Seamer,1.3,5,372,23.9,72,0.3,0.467,0.425,9.6,5.6,4.7,0.309,0.475,0.391,45.6
Peralta, Freddy,642547,93.4,Peralta, Freddy,642547,MIL,FF,4-Seamer,-1.7,-20,1218,51.7,310,0.156,0.308,0.278,30.9,35.5,28.9,0.176,0.322,0.281,41.9
Pérez, Martín,527048,93.4,Pérez, Martín,527048,BOS,FF,4-Seamer,0.3,1,243,13.1,45,0.25,0.477,0.337,17.1,22.2,13.9,0.251,0.513,0.327,35.3
Petit, Yusmeiro,433589,87.6,Petit, Yusmeiro,433589,OAK,FF,4-Seamer,0.1,0,491,45.4,129,0.266,0.427,0.309,11,5.4,5.9,0.291,0.471,0.331,38.7
Pineda, Michael,501381,90.6,Pineda, Michael,501381,MIN,FF,4-Seamer,-0.9,-8,925,54.2,243,0.284,0.493,0.364,14.6,14.8,14.6,0.307,0.555,0.38,56.2
Pivetta, Nick,601713,94.8,Pivetta, Nick,601713,BOS,FF,4-Seamer,0.1,1,1423,51.8,336,0.255,0.435,0.35,20.9,24.1,17.4,0.233,0.412,0.324,46.3
Plesac, Zach,668676,92.8,Plesac, Zach,668676,CLE,FF,4-Seamer,1.9,18,919,41.7,214,0.325,0.623,0.439,17,14.5,13.2,0.32,0.633,0.43,54
Price, David,456034,92.9,Price, David,456034,LAD,FF,4-Seamer,-2.4,-5,212,18,48,0.227,0.318,0.267,29,29.2,23.3,0.182,0.272,0.227,38.7
Quantrill, Cal,615698,94.3,Quantrill, Cal,615698,CLE,FF,4-Seamer,0.7,2,342,14.5,83,0.281,0.531,0.422,19,19.3,13.8,0.231,0.411,0.364,44.9
Quintana, José,500779,91.5,Quintana, José,500779,SF,FF,4-Seamer,0.1,0,506,40.8,120,0.296,0.519,0.383,24.9,30.8,22.3,0.259,0.455,0.342,46.5
Rasmussen, Drew,656876,97.1,Rasmussen, Drew,656876,TB,FF,4-Seamer,-1.7,-13,781,65,200,0.221,0.337,0.287,25,22,20.2,0.265,0.391,0.319,55.1
Ray, Robbie,592662,94.8,Ray, Robbie,592662,TOR,FF,4-Seamer,-1.2,-22,1864,59.3,471,0.222,0.431,0.318,24,24.6,21.1,0.243,0.457,0.328,43.2
Reyes, Alex,621052,96.6,Reyes, Alex,621052,STL,FF,4-Seamer,-1,-4,385,30.8,105,0.207,0.293,0.333,23.2,18.1,17.3,0.22,0.377,0.344,35.9
Richards, Garrett,572070,94.3,Richards, Garrett,572070,BOS,FF,4-Seamer,0.3,4,1236,53,355,0.304,0.487,0.389,17.8,14.6,15.8,0.313,0.515,0.395,52.5
Robles, Hansel,570663,96.7,Robles, Hansel,570663,BOS,FF,4-Seamer,0.4,3,653,55.1,167,0.243,0.45,0.362,22.4,26.3,19.2,0.238,0.458,0.357,59.8
Rodón, Carlos,607074,95.4,Rodón, Carlos,607074,CWS,FF,4-Seamer,-2,-26,1302,58.7,301,0.199,0.336,0.278,29.7,29.9,25.4,0.205,0.369,0.282,40
Rodriguez, Eduardo,593958,92.6,Rodriguez, Eduardo,593958,BOS,FF,4-Seamer,0.3,3,1085,39.9,197,0.297,0.491,0.373,31.3,32.5,20.9,0.231,0.384,0.307,33.6
Rogers, Trevor,669432,94.5,Rogers, Trevor,669432,MIA,FF,4-Seamer,-1.2,-15,1251,57.7,325,0.222,0.344,0.306,26.8,30.5,26.1,0.219,0.362,0.306,40.2
Rogers, Tyler,643511,82.7,Rogers, Tyler,643511,SF,FF,4-Seamer,-0.4,-3,599,53.1,171,0.342,0.422,0.378,11.4,6.4,12.6,0.305,0.377,0.324,40
Ross, Joe,605452,93.6,Ross, Joe,605452,WSH,FF,4-Seamer,2.5,7,272,16,57,0.22,0.46,0.337,37.7,40.4,18.5,0.197,0.377,0.298,33.3
Ryu, Hyun Jin,547943,89.9,Ryu, Hyun Jin,547943,TOR,FF,4-Seamer,-0.1,-1,947,35.2,204,0.27,0.497,0.356,18.4,19.1,19.3,0.276,0.513,0.363,58.4
Sandoval, Patrick,663776,93.2,Sandoval, Patrick,663776,LAA,FF,4-Seamer,0,0,352,24.4,83,0.282,0.451,0.378,17.6,9.6,11.1,0.282,0.483,0.38,34.4
Scherzer, Max,453286,94.3,Scherzer, Max,453286,LAD,FF,4-Seamer,-1.4,-18,1316,46.7,299,0.193,0.359,0.281,30.7,31.1,26.2,0.202,0.385,0.287,40.8
Senzatela, Antonio,622608,94.6,Senzatela, Antonio,622608,COL,FF,4-Seamer,-0.3,-4,1311,54.5,352,0.295,0.394,0.327,13.8,10.8,12.3,0.297,0.424,0.332,41.5
Sheffield, Justus,656954,93.5,Sheffield, Jordan,642068,COL,FF,4-Seamer,-1,-3,294,64.5,76,0.177,0.29,0.284,16,11.8,14.1,0.236,0.415,0.349,42.6
Skubal, Tarik,669373,94.3,Skubal, Tarik,669373,DET,FF,4-Seamer,0.8,9,1090,42.8,283,0.291,0.611,0.42,24,24.7,19.2,0.306,0.626,0.43,52.5
Smith, Caleb,592761,91.4,Smith, Caleb,592761,ARI,FF,4-Seamer,0.4,4,995,48.1,226,0.234,0.446,0.366,21.7,21.2,18.1,0.233,0.451,0.362,36.5
Snell, Blake,605483,95.1,Snell, Blake,605483,SD,FF,4-Seamer,-0.8,-10,1232,52.5,289,0.213,0.406,0.328,21.4,26,23.1,0.248,0.501,0.37,44.5
Stratton, Chris,608717,93,Stratton, Chris,608717,PIT,FF,4-Seamer,-1,-6,662,48.2,162,0.246,0.394,0.328,21.9,23.5,17.8,0.234,0.43,0.328,42.9
Stripling, Ross,548389,91.9,Stripling, Ross,548389,TOR,FF,4-Seamer,0.5,4,859,50.9,209,0.263,0.579,0.389,22.3,23.9,20.4,0.272,0.581,0.384,48.6
Stroman, Marcus,573186,92.4,Stroman, Marcus,573186,NYM,FF,4-Seamer,-1.1,-1,69,2.5,15,0.286,0.357,0.31,37.8,33.3,16.1,0.336,0.603,0.417,44.4
Suarez, José,660761,92.9,Suarez, José,660761,LAA,FF,4-Seamer,0.4,2,652,39.5,149,0.292,0.546,0.388,18.3,16.8,13.9,0.321,0.53,0.404,42.5
Suárez, Ranger,624133,93.7,Suárez, Ranger,624133,PHI,FF,4-Seamer,-2.4,-9,365,22.6,84,0.173,0.213,0.238,22.8,14.3,11.7,0.21,0.284,0.266,27
Suter, Brent,608718,87.3,Suter, Brent,608718,MIL,FF,4-Seamer,-1,-9,885,72.5,240,0.256,0.395,0.322,20.3,23.3,21.5,0.245,0.384,0.297,36.1
Taillon, Jameson,592791,93.9,Taillon, Jameson,592791,NYY,FF,4-Seamer,-0.5,-6,1175,49.5,306,0.199,0.399,0.296,28,28.8,21.6,0.202,0.404,0.294,46.9
Thompson, Zach,605507,92.2,Thompson, Zach,605507,MIA,FF,4-Seamer,1.7,6,323,27.1,89,0.301,0.589,0.474,25.2,16.9,14.3,0.257,0.508,0.39,39.7
Trivino, Lou,642152,95.6,Trivino, Lou,642152,OAK,FF,4-Seamer,-2.2,-7,311,26.4,99,0.171,0.293,0.277,28.5,31.3,22.6,0.215,0.417,0.337,36.5
Underwood Jr., Duane,621249,94.1,Underwood Jr., Duane,621249,PIT,FF,4-Seamer,0.4,2,425,36.1,110,0.25,0.38,0.346,16.6,13.6,13,0.275,0.468,0.367,40
Ureña, José,570632,94.3,Ureña, José,570632,DET,FF,4-Seamer,1.4,4,273,16.1,52,0.302,0.581,0.446,12.9,3.8,6.1,0.36,0.776,0.512,56.1
Urías, Julio,628711,94.1,Urías, Julio,628711,LAD,FF,4-Seamer,0.1,1,1325,47.6,347,0.276,0.483,0.354,21.3,23.6,20,0.252,0.462,0.332,38.1
Urquidy, José,664353,92.5,Urquidy, José,664353,HOU,FF,4-Seamer,-1.1,-10,896,54.9,227,0.237,0.423,0.298,19.8,16.7,15.7,0.264,0.493,0.334,40.8
Valdez, Framber,664285,92.1,Valdez, Framber,664285,HOU,FF,4-Seamer,2,2,105,5,36,0.35,0.6,0.536,10.3,8.3,20,0.257,0.453,0.478,64.7
Velasquez, Vince,592826,93.2,Velasquez, Vince,592826,SD,FF,4-Seamer,0.9,7,874,49.9,197,0.222,0.581,0.394,26.5,27.9,20.8,0.213,0.505,0.356,48.7
Wacha, Michael,608379,93.8,Wacha, Michael,608379,TB,FF,4-Seamer,-0.3,-2,713,36.1,178,0.238,0.494,0.332,18.3,21.9,18.6,0.31,0.627,0.413,55.1
Wainwright, Adam,425794,89,Wainwright, Adam,425794,STL,FF,4-Seamer,2.3,7,290,9.5,75,0.257,0.5,0.345,12.1,30.7,16.8,0.262,0.483,0.34,57.4
Walker, Taijuan,592836,94.5,Walker, Taijuan,592836,NYM,FF,4-Seamer,0.2,2,903,35.5,234,0.221,0.469,0.325,24.3,29.1,21.1,0.229,0.478,0.327,47.3
Weathers, Ryan,677960,94,Weathers, Ryan,677960,SD,FF,4-Seamer,1.2,8,696,43,165,0.34,0.641,0.438,17.8,18.2,16.9,0.298,0.554,0.38,50.4
Webb, Logan,657277,93.2,Webb, Logan,657277,SF,FF,4-Seamer,0.9,2,218,9.8,44,0.257,0.314,0.335,21,27.3,15.8,0.23,0.313,0.321,41.7
Wheeler, Zack,554430,97.2,Wheeler, Zack,554430,PHI,FF,4-Seamer,-1,-14,1365,42.6,341,0.226,0.318,0.28,26,33.1,24.1,0.215,0.315,0.272,32.7
Whitlock, Garrett,676477,96.3,Whitlock, Garrett,676477,BOS,FF,4-Seamer,-3.4,-4,109,9.5,36,0.061,0.242,0.169,37.9,50,31,0.116,0.272,0.207,40
Widener, Taylor,642203,92.6,Widener, Taylor,642203,ARI,FF,4-Seamer,0.3,2,809,66.5,202,0.259,0.494,0.388,20.2,19.8,20,0.275,0.539,0.396,50.4
Williams, Trevor,592866,91.5,Williams, Trevor,592866,NYM,FF,4-Seamer,-0.7,-5,743,48.3,219,0.274,0.442,0.362,19.2,22.8,20.8,0.253,0.418,0.335,35.7
Wilson, Bryse,669060,93,Wilson, Bryse,669060,PIT,FF,4-Seamer,0.9,4,505,44.5,134,0.317,0.558,0.399,23.7,14.9,16,0.297,0.559,0.391,45.2
Woodford, Jake,663765,92.1,Woodford, Jake,663765,STL,FF,4-Seamer,1.4,4,258,22.3,63,0.25,0.385,0.314,16.4,17.5,11,0.246,0.344,0.302,47.7
Woodruff, Brandon,605540,96.5,Woodruff, Brandon,605540,MIL,FF,4-Seamer,-0.9,-8,947,33.7,260,0.19,0.328,0.271,30.5,43.5,25.6,0.212,0.349,0.284,33.6
Ynoa, Huascar,660623,96.5,Ynoa, Huascar,660623,ATL,FF,4-Seamer,0,0,662,44.7,172,0.25,0.533,0.365,14.2,14.5,15.2,0.305,0.579,0.404,55.8
